Decade,Action,Adventure,Animation,Biography,Comedy,Crime,Drama,Family,Fantasy,History,Horror,Music,Musical,Mystery,Romance,Sci_Fi,Sport,Thriller,War,Western
1980,0.21164889253486463,0.14807219031993438,0.030352748154224774,0.03199343724364233,0.4200164068908942,0.16694011484823626,0.4581624282198523,0.04101722723543889,0.08162428219852338,0.02830188679245283,0.1792452830188679,0.0406070549630845,0.020508613617719443,0.06275635767022149,0.15504511894995898,0.08162428219852338,0.01804757998359311,0.13166529942575883,0.022559474979491387,0.00697292863002461
1990,0.20948945615982242,0.10682574916759156,0.030799112097669258,0.0402330743618202,0.44339622641509435,0.2028301886792453,0.5799112097669257,0.062430632630410654,0.06520532741398447,0.025249722530521643,0.08629300776914539,0.02719200887902331,0.013596004439511655,0.0574361820199778,0.2142064372918979,0.05910099889012209,0.019145394006659266,0.140677025527192,0.018312985571587125,0.006104328523862375
2000,0.19295713667195843,0.10607591283013422,0.04228604416221677,0.03925530379564151,0.39572809929282726,0.17318516380430077,0.5954683215471208,0.041564439313032185,0.061192091210852936,0.026988021359503536,0.11603405974888151,0.02785394717852504,0.015442343772550151,0.08385048347524895,0.2135950353586376,0.04142011834319527,0.022081108385048346,0.14980516669072017,0.02135950353586376,0.0031750613364121805
2010,0.22277751081210956,0.10792888034598751,0.040365209034118214,0.059490629505045654,0.3343584814992792,0.1437770302739068,0.5761653051417588,0.035079288803459875,0.05526189332051898,0.035271504084574724,0.14656415185007207,0.022585295530994715,0.007400288322921673,0.08447861604997597,0.15233061028351755,0.056415185007208074,0.015088899567515617,0.1991350312349832,0.017011052378664102,0.005093704949543489
2020,0.17218543046357615,0.09271523178807947,0.052980132450331126,0.046357615894039736,0.271523178807947,0.16556291390728478,0.543046357615894,0.059602649006622516,0.033112582781456956,0.039735099337748346,0.2847682119205298,0.019867549668874173,0.006622516556291391,0.09271523178807947,0.06622516556291391,0.0728476821192053,0.006622516556291391,0.1986754966887417,0.026490066225165563,
